#hash,score1,score0,filePath,count
9072c474e143cad7ed64bf2eb27e4a9c,0.9168269038200378,0.2654094556475488,./models/model.csv,1
fbc24edfacdd97655e4e82d8e1b9c960,0.6726922988891602,1.1837414542986797,./models/model1.csv,1
4d930d71886028d2b5b19fd209e973da,0.6644711494445801,-0.6002429018570826,./models/model-1j1jrvn1oa.csv,2
96c85d190e406616e56d3811e804c4f6,0.5468268990516663,0.01365895899442526,./models/model-s0lvkn4e2w.csv,2
396de57fcec86c66632f3773788e3fb1,0.03846153989434242,3.846153974533081,./models/model-9s37og93oe.csv,2
be8090a311cf776dd9313697aa92e971,0.03846153989434242,0.03846153989434242,./models/model-ql1y9e6iz4.csv,2
